Unnamed: 0,A2M (2),ABCB1 (5243)
ACH-000015,-0.0849975872487468,0.0366128481379873
ACH-000045,0.0301591902205377,0.0411417646863938
ACH-000094,0.1113041279072069,0.2246958599099776
ACH-000096,-0.1171196535021748,-0.1617832944707979
ACH-000099,-0.0710872842309148,-0.0023969794093848
ACH-000167,0.0389655070980821,-0.3260559338703697
ACH-000178,0.0421150808460286,-0.1224096198328507
ACH-000213,0.0127516392550328,-0.1785388339865969
ACH-000216,0.0274116248384958,-0.1420748802268584
ACH-000223,-0.0060405039096821,-0.2132669635943914
ACH-000247,0.0454731031105359,-0.1826286840937872
ACH-000261,-0.0518399307565979,-0.1610003760204514
ACH-000262,0.0582386046627508,-0.2487901833350301
ACH-000286,-0.2174878703918392,-0.0918724033682513
ACH-000312,-0.0172851814480339,-0.1866484213506911
ACH-000320,-0.1366630159196612,-0.0432705382468153
ACH-000341,-0.0924327244790495,-0.2130798441031791
ACH-000354,0.0912828991040032,0.0055152195757409
ACH-000373,-0.0901786444298306,0.0409809541197015
ACH-000402,0.123392371805659,-0.1372930383381461
ACH-000416,0.0578835672811602,-0.1271659162190823
ACH-000435,-0.0204634747582367,-0.1730558761595688
ACH-000437,-0.079680564133587,-0.0066470981282547
ACH-000450,0.1431446506885826,0.1400238758764582
ACH-000478,0.0347744803586872,-0.0194774575880663
ACH-000483,-0.0422697501368827,-0.0382760474739722
ACH-000493,-0.000995536267788,-0.266489930956071
ACH-000514,0.008456076909915,-0.0830702628016366
ACH-000516,0.1098793260053813,-0.200989916265224
ACH-000535,-0.0983187911500419,-0.0661290794063641
ACH-000544,0.0051609610368794,-0.0223439549556629
ACH-000563,0.042618854938752,-0.5200320088067536
ACH-000592,-0.013556471275338,-0.0923509149412966
ACH-000599,0.1426579004076127,-0.0434264116086769
ACH-000614,0.0422003909144742,-0.0883209525365296
ACH-000618,0.1866582086840115,-0.1660702685862113
ACH-000652,-0.0705937858591839,0.1036880800414288
ACH-000656,-0.0507287872877397,-0.0734805701618667
ACH-000695,0.3849167119318054,-0.1846779458417276
ACH-000717,-0.0485797323403938,-0.0943722509722106
ACH-000719,0.1076183704654818,-0.1461893414667985
ACH-000748,-0.0140209228055491,-0.0213055427287954
ACH-000777,0.0984785604981884,0.0110283892441268
ACH-000784,-0.0271699529144222,-0.0345864366370147
ACH-000793,0.0823456733032886,-0.1478282073742385
ACH-000798,-0.0262393403943515,-0.0807552509650219
ACH-000820,-0.0440471078991858,0.1805462331814192
ACH-000839,0.0368292780662381,0.0723047498136922
ACH-000862,-0.0825059898961431,-0.103683986122839
ACH-000872,-0.0371422605337043,-0.075152410350539
ACH-000876,0.0636443579154467,-0.0997537220129648
ACH-000888,0.0726046636330711,-0.016268098934297
ACH-000906,-0.0976749958494589,-0.0933338821732413
ACH-000912,0.0019600811640735,-0.1913453832967122
ACH-000913,0.0312093405644965,-0.0087556094920689
ACH-000922,0.0101491039004947,-0.1470525421376909
ACH-000928,-0.1219038206608728,-0.1477743518779974
ACH-000934,-0.107717260328551,-0.0275848193406844
ACH-000937,-0.0551526131872537,-0.0301384596406335
ACH-000943,-0.0155543459342261,0.0256646912268444
ACH-000950,0.0394156687596471,-0.006604233895527
ACH-000953,-0.0710344506588676,-0.0794831540404575
ACH-000957,0.0747490836354357,-0.2787789432269821
ACH-000960,-0.024892588893901,-0.1560810481635133
ACH-000969,0.0829614087150534,-0.1012520652815356
ACH-000994,0.0771891080800894,0.08113099186989
ACH-001228,-0.1416667669545389,-0.0361990440835287
ACH-001329,-0.0646207574941861,-0.0657494484284027
ACH-001374,0.1155153045166127,-0.1713073525979911
ACH-001393,0.0999277436442586,-0.2103569799997584
ACH-001418,-0.0814568358915919,-0.0207102105805288
ACH-001419,0.0138234956074344,-0.2253202076861878
ACH-001497,0.0606950515983212,-0.0833878541176626
ACH-001513,0.0072490446592406,-0.1086280193283522
ACH-001539,-0.1780658725108474,-0.0522048030968899
ACH-001544,0.388392447231877,-0.1833068649789884
ACH-001570,0.130044155217392,-0.0164738782323986
ACH-001603,0.1106874078870789,-0.1591308359986399
ACH-001650,0.0535902004277714,-0.0288676128674156
ACH-001675,0.0771646597488002,-0.1508503663998116
ACH-001794,-0.0333642492063709,-0.0959529527290367
ACH-001802,0.0569962035344045,-0.0840004294870626
ACH-001972,-0.0190677736128274,-0.1030795983286288
ACH-001993,0.0878426686661736,-0.2503097076203741
ACH-002002,-0.0869188687779561,-0.0049512515222106
ACH-002052,0.0003478974619589,-0.1740921393595665
ACH-002055,0.1953373105503023,-0.0869398281691457
ACH-002161,0.041033272115039,-0.0299186556407534
ACH-002263,-0.0532390762831832,-0.0806035759754087
ACH-002284,0.1637997425851149,-0.3088652690308384
ACH-002463,0.0686617792260861,-0.1314027966718441
ACH-002471,0.0902783941582767,-0.3014752062457153
ACH-002511,0.018583849322712,-0.1293989760196098
ACH-002512,0.2581662544550456,-0.3113705217609034
ACH-002654,0.0212513258081321,-0.2199419233141887
ACH-002780,-0.0190058489447959,-0.2699044350387007
ACH-002784,0.0625256630072571,-0.0416877826574151
ACH-002799,-0.008317034269733,-0.1822747073953075
ACH-002806,-0.0246728383742736,-0.1015976366566683
ACH-000018,-0.315487600226628,-0.049074451764711
ACH-000029,-0.0480048842212148,-0.0316439410972548
ACH-000036,-0.0181602343030692,0.0956717522145693
ACH-000048,-0.0352451961861414,-0.1071035205911241
ACH-000053,0.0008067287286779,-0.1227737379285268
ACH-000087,-0.1850355369228838,0.001188397829442
ACH-000097,0.0650064666320342,-0.1474932649731958
ACH-000108,0.0340654890214051,-0.0248961256157901
ACH-000120,0.0572406233103198,-0.0709952065858614
ACH-000143,-0.0278680188864001,-0.0384233812144752
ACH-000183,0.0380344276685469,0.0384493202153617
ACH-000190,0.097298473550933,-0.0585551671854208
ACH-000195,0.0582711174893334,-0.268141271699039
ACH-000198,0.0339526762368098,-0.1132447471581977
ACH-000235,-0.0619649375586673,-0.0769308640237008
ACH-000255,-0.1499070416591791,-0.0989839561590547
ACH-000258,0.0620527367371522,0.0368295637093117
ACH-000304,-0.2760299938803305,-0.1594601166132612
ACH-000311,-0.0948467339740559,-0.1772848289794206
ACH-000339,0.0228870537217414,-0.0661849851512484
ACH-000350,-0.0077421203054762,-0.0423103578835348
ACH-000361,-0.2239709176199008,-0.1228220067009208
ACH-000375,-0.2366100692723872,-0.0766210475546092
ACH-000389,-0.0618308763523302,-0.1595867659622339
ACH-000391,-0.0033903777474442,-0.0207395594040404
ACH-000411,0.0022882675499018,-0.0568417942057564
ACH-000421,-0.0349988283288657,-0.0943348942090752
ACH-000427,0.211731217099213,-0.4082502932157084
ACH-000434,-0.1364313286692204,-0.1090621856709376
ACH-000441,0.0301432997015787,-0.0992349664757795
ACH-000444,-0.1597146536195311,-0.1159881714199866
ACH-000467,-0.0292246377576213,0.0131524926656527
ACH-000471,-0.0486095183161564,-0.0951082658475955
ACH-000486,0.0330233557399856,-0.0776016507504415
ACH-000490,0.0340380826889279,0.0029174015098833
ACH-000496,0.1335315757237376,-0.1229344616204516
ACH-000533,0.0577583640830574,0.0131020867541677
ACH-000542,0.0720843800177708,0.0333598502769281
ACH-000546,-0.0722358029801114,-0.0595424148864789
ACH-000551,-0.0730851158089493,-0.1789188869243614
ACH-000558,0.0259075188235663,-0.1397006377537852
ACH-000576,0.0735110046852543,-0.1871617321748926
ACH-000579,-0.0689610434701275,0.2526841170519388
ACH-000588,0.118549460373955,-0.0396341181251185
ACH-000624,-0.0388391695667626,-0.0037334556428128
ACH-000638,-0.0421096596619434,-0.0532183203471001
ACH-000646,-0.0734554363888833,0.0729116123241558
ACH-000654,0.0077966074399851,-0.0861958495518327
ACH-000738,0.0794838357777498,-0.0775546412519634
ACH-000764,-0.2751942006862641,0.1264943055624948
ACH-000773,0.0145717899404498,-0.3531610491201387
ACH-000807,-0.1953421878580356,-0.0392182121157295
ACH-000811,0.0371308766916484,-0.0930737391615365
ACH-000843,-0.1257404643968937,-0.1123878877743855
ACH-000849,0.0149408729422047,0.0161890922487144
ACH-000865,-0.0082546759128033,-0.0960751166021279
ACH-000890,0.0729648298717062,-0.01672899843815
ACH-000894,-0.2252635389808948,-0.0917635222447525
ACH-000907,-0.0490764193114637,0.0381752848943901
ACH-000917,-0.053111712126027,-0.2102165126204132
ACH-000932,0.1461817821710763,-0.165673287131687
ACH-000966,-0.0777515665804476,0.2147668520098223
ACH-000974,0.0730943361094653,-0.0383172480978626
ACH-001031,0.1332872651109616,-0.0147176005391331
ACH-001338,0.1710979032900904,-0.1937401471969704
ACH-001407,-0.0750609680647506,-0.1006654260045175
ACH-001409,-0.0995422671348443,-0.1791937660728852
ACH-001454,-0.1826193625153265,0.084769477484016
ACH-001511,-0.0498273539201363,-0.1522686360147073
ACH-001518,0.0665415343425612,-0.1153209015748514
ACH-001522,-0.0133575689863852,-0.0886571109292791
ACH-001536,0.0297124124729618,-0.008198397815641
ACH-001551,-0.0921406664350675,0.0463045177070845
ACH-001554,0.0470556861288692,0.0529473255924819
ACH-001555,0.0475686532563676,-0.1791803528032976
ACH-001557,0.1116133479810851,0.0126436289721716
ACH-001563,0.0831662231919383,0.0303731022956384
ACH-001574,0.1182875727675599,-0.0340512204205516
ACH-001607,0.0184504162236579,-0.143358187620913
ACH-001655,-0.2792436286014043,-0.1806631261190813
ACH-001674,0.0188314192232946,-0.134257586410086
ACH-001687,0.1302005190686681,-0.0352358499802167
ACH-001695,0.1063020312454647,-0.0471365862169858
ACH-001696,0.0319992724392561,-0.2258113016308051
ACH-001699,0.0504439885307827,-0.163311630425426
ACH-001737,0.062927607681632,-0.1575499244544095
ACH-001819,-0.0735015053303602,-0.136000623081351
ACH-001843,0.3362877472267709,0.2871279122694426
ACH-002040,-0.0543286894945217,-0.0871084353728106
ACH-002043,0.0964970640619482,-0.0492776166225255
ACH-002051,0.023612755928801,-0.2112402919290372
ACH-002060,-0.0745149365331644,-0.136817762792629
ACH-002141,0.11353407196602,-0.3137998833065553
ACH-002233,-0.1349383243471024,-0.1856111692889641
ACH-002247,0.0585245260318456,-0.15529731915285
ACH-002257,-0.0264066934543145,-0.1851425656186972
ACH-002500,0.0417994855200517,-0.033022195647761
ACH-002530,0.0081490274966506,-0.06702816613892
ACH-003191,0.0752338357884083,-0.2663556717370171
ACH-000005,0.1279909934967389,-0.153365929475522
ACH-000011,0.0206866436499823,0.0799725943016684
ACH-000067,-0.0911567335610693,-0.0783961743990124
ACH-000076,0.0516221829034191,-0.0784731005109428
ACH-000093,-0.2253409271900261,-0.1070680333279503
ACH-000095,0.0487020260332574,-0.0297682308079713
ACH-000098,0.0372367032612486,-0.1974187435360325
ACH-000115,-0.1045090455880875,0.0341622996021993
ACH-000116,-0.0665215534358844,0.0171355509949085
ACH-000132,-0.0232934144996141,-0.0965773324779915
ACH-000139,-0.2762734625907055,0.1477231301609207
ACH-000159,0.0206146418256748,0.0102369883944109
ACH-000172,0.0514134238076042,-0.0803694144339294
ACH-000174,-0.012379698668147,-0.1404320810951276
ACH-000182,0.0169232649819906,-0.1788184582492841
ACH-000212,-0.0901897999181239,-0.226467682791539
ACH-000226,-0.0201961805101068,-0.0950489982607893
ACH-000228,0.0717103956414292,-0.1989788173176574
ACH-000233,-0.0541071236653069,-0.0009998546233782
ACH-000234,-0.0709812050336624,0.0009215883867721
ACH-000260,-0.0721341602903949,0.0079059802648426
ACH-000264,-0.099869120552882,-0.1242169923284008
ACH-000277,-0.1909280849388583,-0.0694019267972581
ACH-000293,0.2634762417084359,-0.4095110503208768
ACH-000294,-0.0971551577299259,-0.1340933685632739
ACH-000335,-0.1313619084443718,-0.151407840756133
ACH-000344,-0.0427838049497845,-0.0797343150537562
ACH-000371,-0.0767186498836696,0.0330759876416721
ACH-000376,0.0704187077882523,-0.1869705896642232
ACH-000381,0.0873282185700846,-0.0319003496511322
ACH-000403,-0.0176969101275852,-0.0638560734243338
ACH-000404,0.0732391755447954,0.0345216586352407
ACH-000503,0.008055843164514,-0.1595435219834254
ACH-000504,-0.0234959516627289,-0.0654194434644843
ACH-000547,-0.1454473784649919,-0.0726026864597402
ACH-000548,0.0468176696497711,-0.2410588727151652
ACH-000549,-0.1187699862531479,-0.1599369872584724
ACH-000584,-0.0020580093153546,0.0492095567276315
ACH-000616,-0.020296800721452,0.0518493196187392
ACH-000620,-0.1077976042980154,-0.1293985965312692
ACH-000663,0.2139378746301069,-0.1595419822800045
ACH-000746,-0.0166275414573534,-0.1656800137885767
ACH-000753,-0.0585362558211268,-0.1054649457194511
ACH-000756,-0.1028227622231856,-0.0299959996339109
ACH-000823,-0.0019484201254033,-0.2020747911951415
ACH-000831,0.0029980418408047,-0.0645739120704786
ACH-000853,-0.0092301431566106,-0.2221182073129796
ACH-000860,-0.0079511593405437,-0.0605338162978945
ACH-000864,0.1976594797463259,-0.2419175370575779
ACH-000882,0.0175682166724813,-0.0307840737900689
ACH-000919,0.1816187392741202,-0.2665190499123838
ACH-000924,-0.1905426726195861,-0.1377012141732029
ACH-000926,-0.020526636447749,-0.0947543839681457
ACH-000970,-0.2937172486677042,-0.025870625322739
ACH-000980,-0.0790260013259526,-0.0262833115583258
ACH-000983,0.0043565457671549,-0.1649506610707236
ACH-001020,0.0507718301926318,-0.0704216560022713
ACH-001054,0.035436515583773,0.0986322548631763
ACH-001111,-0.2260962824088104,-0.0678848352725195
ACH-001128,0.0871509818163318,0.0528733910111201
ACH-001134,-0.0520148705388338,-0.1716057223630941
ACH-001137,0.1239354886698454,-0.6420184974344169
ACH-001172,0.0414564815677466,-0.0955175920760537
ACH-001275,0.0243881384279526,-0.1111343898813713
ACH-001279,-0.0907057548788075,-0.0562686137218044
ACH-001280,-0.0509277871419131,0.0017310437841233
ACH-001310,-0.0485402221086518,-0.0803275988336798
ACH-001340,0.0669067476717965,-0.0379858766484826
ACH-001386,0.0534164724658658,-0.0245321282632801
ACH-001390,-0.190625432525504,0.1463001734864931
ACH-001396,-0.2465958812996161,-0.1428436884965065
ACH-001398,-0.2541197980304243,-0.2246176077119092
ACH-001422,0.0650008146091612,-0.2182435806917708
ACH-001460,0.0208832156314117,-0.019076103304536
ACH-001533,0.3825594983530961,-0.0083649100258613
ACH-001542,0.084051850396046,0.0468493887509001
ACH-001547,-0.0266243032963775,-0.1578928364244964
ACH-001548,-0.0823320373405604,0.1263701497821904
ACH-001558,-0.1411309929530355,-0.1351991915294608
ACH-001608,-0.0325913564597613,-0.0633773049765101
ACH-001619,0.1056636835883343,-0.1819994327562406
ACH-001625,0.2377624313953901,-0.0764553628092663
ACH-001642,-0.0789522489722156,-0.2352014518409172
ACH-001691,-0.0535230188445128,-0.2080000691355589
ACH-001692,-0.0145898321988193,-0.1584860891633815
ACH-001842,-0.1352170892016493,0.2128138190726067
ACH-001850,0.0030999376044237,-0.1001915105331835
ACH-001853,-0.0834371148630915,-0.0489369744812062
ACH-001970,-0.0142737456649427,-0.0456497062474932
ACH-001991,0.0107157545210504,-0.1286943164688724
ACH-002030,0.1018317773555844,-0.1985000273040973
ACH-002044,0.0525313797922329,-0.1204780891917626
ACH-002062,-0.0297184132817745,-0.2976699744221366
ACH-002116,-0.0010640208640098,-0.2199929168958622
ACH-002210,0.2231372811855228,-0.1063098655499235
ACH-002464,0.008922378571825,-0.2188414474289342
ACH-002647,-5.337331837548115e-05,-0.3129490229098142
ACH-002680,0.0331610130472269,-0.0907471505521829
ACH-003176,0.0227727825772946,-0.0746270351277283
ACH-000014,0.050225400847822,-0.0491515050516825
ACH-000019,0.0786373552336792,-0.1038813864822205
ACH-000035,-0.0195809371560329,-0.1667982640999301
ACH-000042,0.043655894825191,-0.1561173215424952
ACH-000074,0.2053964188039772,-0.1706667674536114
ACH-000114,-0.0990164752065261,-0.0189306201602186
ACH-000127,-0.0242861089987482,-0.1337207818821323
ACH-000128,0.0094816943527156,-0.0048459140479264
ACH-000133,0.11676155252732,0.042079692786562
ACH-000153,-0.0401648042494261,-0.0808802968614892
ACH-000164,-0.0135767294688906,-0.0793296206687872
ACH-000176,-0.0514356450013423,-0.0636307764170543
ACH-000189,-0.124444435504522,0.0658095250141738
ACH-000208,-0.0499222572538637,-0.0188553144756077
ACH-000210,0.0543641756356357,-0.3077767984892707
ACH-000242,0.1571687293411721,-0.1418299758823917
ACH-000251,-0.0223610559224885,-0.0440524910070982
ACH-000288,0.1348003774295018,-0.0888431806020488
ACH-000325,0.1391838267116774,-0.1103263247705224
ACH-000331,0.0725198014027004,-0.1279605608356149
ACH-000356,0.119329819142528,-0.1879152933242808
ACH-000398,-0.1350852020350948,-0.0289171474128889
ACH-000470,0.1775079379706964,-0.0279717887677545
ACH-000476,0.1005916484482555,-0.0011928621610789
ACH-000480,0.1213248735027263,0.0123707088997932
ACH-000489,-0.01929881318812,-0.1587409887949755
ACH-000545,0.1537571700842409,-0.0107147528549721
ACH-000556,0.1098580632420248,-0.1478699781379469
ACH-000580,0.0655204592928955,-0.164044954533116
ACH-000596,0.1896313343293787,-0.1527463416218791
ACH-000597,0.2830276012156318,-0.0883751462159494
ACH-000665,0.2101353290348675,-0.1302166082130231
ACH-000671,0.05862253348708,-0.0546687792559551
ACH-000747,-0.1398869312466856,-0.0287245987366167
ACH-000763,0.0687610632746761,-0.076848205906388
ACH-000765,0.0289114894679445,-0.1272940007114674
ACH-000785,-0.0807686714663661,-0.0411093341309045
ACH-000817,0.040051574644794,-0.0746714978411306
ACH-000821,-0.0209877107265856,-0.2078353517403589
ACH-000851,-0.0258196297235759,0.032461789410911
ACH-000880,0.1692085280431954,-0.0167132281034055
ACH-000914,-0.0794203727910263,-0.0089656384239509
ACH-000941,-0.010401776829686,-0.1911297933504401
ACH-000963,-0.0277314414018286,0.1631322963741551
ACH-000973,0.0353784851632821,-0.0916329697201564
ACH-000984,-0.0696805142585446,-0.0328966432906416
ACH-001041,0.0351589921727846,-0.1337720196461545
ACH-001048,-0.0100167115078047,-0.0494202670017914
ACH-001067,0.0969455436450191,-0.0166616762529043
ACH-001081,-0.0380424355103803,0.3393666025261012
ACH-001119,0.1072731618828668,-0.3284124246164195
ACH-001145,0.1167307976277583,-0.0521846418312297
ACH-001184,-0.0706189920755233,-0.0870464866091027
ACH-001274,0.0982222013074522,-0.0983034331230761
ACH-001333,0.1418798197902707,-0.0270328664631186
ACH-001335,-0.0023785640463362,-0.0416890789227461
ACH-001376,-0.0478316850024472,0.0243936565455287
ACH-001379,-0.1565026910494635,-0.0939882283845195
ACH-001389,0.0826065471602278,-0.0529029924612752
ACH-001401,-0.1645197225762878,-0.4506100870733332
ACH-001403,0.0548623105489566,-0.0460898593227963
ACH-001413,0.0399340548956544,0.0899380448524522
ACH-001498,0.0099742644100706,0.0518775526997295
ACH-001521,-0.0138593029365996,-0.1214869278073947
ACH-001525,0.0487266958494944,-0.1799829685642899
ACH-001526,0.0444892340610034,-0.2044008907611618
ACH-001529,0.1186128055451636,-0.1034765732354996
ACH-001552,-0.326386128173957,0.0636476309246345
ACH-001566,-0.0656221391960407,-0.1323143678365557
ACH-001605,-0.0990609881604444,-0.2292998467995828
ACH-001618,-0.0630679434874165,-0.0735559335296547
ACH-001627,0.1109670098195597,-0.10267033634038
ACH-001639,-0.1094230529429106,0.3438216250605376
ACH-001649,-0.0718325476539809,-0.2805231130989048
ACH-001652,-0.0554703956537648,-0.1736009097984232
ACH-001669,-0.0334786089363103,-0.1624476806249164
ACH-001677,-0.314388956818156,0.096775470728479
ACH-001711,0.0076623325318085,0.0147763267410613
ACH-001740,-0.1778179090497635,-0.1560410944557421
ACH-001795,0.0725245850038067,-0.0274023752668809
ACH-001796,0.0986817485140317,0.0303880961685202
ACH-001799,-0.0230190483085357,-0.1579853482060086
ACH-001836,0.0537275366450098,-0.009497455256127
ACH-001849,-0.0977792022880699,-0.0705032615594177
ACH-001857,-0.126799272221671,-0.0389780365568296
ACH-001862,-0.0112174863035661,-0.1209480285018769
ACH-001997,-0.0775885127506934,-0.043649347189715
ACH-002003,-0.0662525854731483,-0.1521472682469553
ACH-002019,0.0016603342119954,-0.111073065586883
ACH-002023,0.0145366731218965,-0.1358020196471612
ACH-002265,0.1053746788414919,-0.0751203194322313
ACH-002298,0.0962062773248537,0.1806720935744509
ACH-002305,0.1866660199388845,-0.2262731598270818
ACH-002470,-0.1492817038055999,0.0919938113749303
ACH-002705,0.1676989664750768,-0.1164656460609739
ACH-002706,0.0100967487224536,-0.1653021331935089
ACH-002778,0.1072268935912895,-0.3592975953508113
ACH-002800,0.2235745002280452,-0.039526857602081
ACH-002801,-0.0213457678282786,-0.0007048166348116
ACH-000001,0.0123779616275835,-0.3897110016576477
ACH-000007,0.053667251419905,-0.1171210589992385
ACH-000013,-0.0434302424968332,-0.0595270539690434
ACH-000024,-0.0182630445889946,-0.1220302630920347
ACH-000026,0.1118159476663859,-0.1632510527316318
ACH-000078,0.0584882419333132,0.0050359376291218
ACH-000100,0.241845832903387,-0.0221314438802467
ACH-000103,-0.0955810892794208,0.1297991176107044
ACH-000123,-0.1746975879634099,-0.0914832930103735
ACH-000142,-0.0172444985303964,-0.1006165483510803
ACH-000155,-0.0555059483172099,0.0647642251725232
ACH-000163,0.1541123048968453,-0.0414554594605256
ACH-000168,0.0239137566891561,-0.1471775415149602
ACH-000181,-0.0536288541052469,-0.1989477223148042
ACH-000221,-0.026112473326042,-0.0802375521762016
ACH-000227,-0.1195861974914713,-0.1610118103117664
ACH-000250,-0.0179199976476396,-0.0014229724007703
ACH-000272,-0.0476650723043271,-0.0178130736704791
ACH-000310,0.0114638690465424,-0.024905887134296
ACH-000345,-0.2349816910211045,0.0584531885738607
ACH-000365,-0.1054778227488519,-0.164348738835824
ACH-000378,-0.0648670071905859,0.0386731750340892
ACH-000383,0.0273963876636583,-0.1598035008507105
ACH-000387,-0.1172035509296975,-0.0092027612301413
ACH-000395,0.0061976141911708,-0.1451103627120839
ACH-000422,0.1927489176322976,-0.0683631907906596
ACH-000458,0.0068437712469382,-0.025381953922361
ACH-000460,-0.0621319180506881,-0.0856831292420025
ACH-000466,-0.0601805951755171,-0.0473441001449667
ACH-000501,0.295005126841142,-0.0634530275505197
ACH-000512,0.0180418900055907,-0.097640511976233
ACH-000520,0.0952984328865514,-0.0858084751693726
ACH-000571,-0.0489960925116092,-0.0209416502411342
ACH-000583,-0.128299981304932,-0.028700964223898
ACH-000595,0.0206443111083651,-0.0851181005836745
ACH-000607,0.1542206193906448,-0.0662362442818557
ACH-000648,0.0659179067322252,0.1337518428396145
ACH-000664,0.0847225282683994,-0.0695614857213122
ACH-000713,-0.0144965762478183,-0.1736520753670949
ACH-000724,0.0033607126226111,-0.1342119200895465
ACH-000757,-0.1003762337553483,-0.0828136128270692
ACH-000762,-0.0922215329018286,-0.105792410413134
ACH-000767,-0.1004162944594279,-0.1004961508858935
ACH-000774,-0.1007520314920837,-0.0580388370802517
ACH-000778,0.0507729427527041,-0.0305643249636002
ACH-000782,0.0085622546345308,-0.0538407314233276
ACH-000799,0.1353169764674212,0.0806522404590553
ACH-000840,-0.0238270903501689,-0.0717210222014994
ACH-000841,-0.0226504232227101,-0.1653360701497291
ACH-000847,0.0553883576986081,-0.2156834848514812
ACH-000885,0.0907284522318374,-0.0373170035568575
ACH-000886,0.0691681704700225,-0.0980392151494714
ACH-000921,0.0293055352488479,-0.1863057161757076
ACH-000929,-0.1421483213040715,-0.2365664864970579
ACH-000945,0.0200988438457448,-0.6165780552155142
ACH-000956,0.264314446982925,-0.3763041982679001
ACH-000975,0.0557918316564387,-0.0745518506568735
ACH-000986,-0.1132893732092172,-0.1244765848520465
ACH-001036,0.1222581978245559,-0.3148695922756633
ACH-001061,0.044694724991429,-0.0509291002379281
ACH-001098,-0.0478537594293012,-0.1965840474133875
ACH-001183,0.0581149789140556,-0.2059740188661247
ACH-001295,-0.0112408745351977,0.0383325558794479
ACH-001334,0.0671920594739766,-0.0401037353705327
ACH-001370,0.0885093530154107,-0.0235340752003433
ACH-001442,-0.0580083490857068,-0.1857156632977457
ACH-001443,-0.075910360345791,-0.0551591929056606
ACH-001484,0.227999904873006,-0.1740282297449037
ACH-001495,-0.1669405802375687,0.0215938292078925
ACH-001502,0.2602886136769342,0.1705949315698885
ACH-001523,-0.1422003244713414,-0.0589410929859972
ACH-001550,0.1870905449687123,-0.0406257278178332
ACH-001559,0.0678467032495296,-0.197321835342622
ACH-001560,0.162188034844841,-0.1389872785072584
ACH-001606,0.0277620868002248,-0.2410539759024195
ACH-001623,-0.0585550668339133,-0.0661282157974633
ACH-001626,0.0102663872431517,-0.1351502307408183
ACH-001643,0.1060547541730173,-0.081170464526179
ACH-001645,0.0578945313176526,-0.1091605492246159
ACH-001648,0.0273501387153593,-0.1526325196609005
ACH-001688,-0.1973997170943006,-0.0669894490683097
ACH-001694,0.073692483821053,-0.0779806464060855
ACH-001701,-0.0149408808699333,-0.1819903051773191
ACH-001702,-0.0048937003790791,-0.1054296864494998
ACH-001715,0.0114771544848815,-0.3237446402376194
ACH-001838,-0.0817903487363811,-0.0113327237391279
ACH-002041,0.0321101671476783,-0.1759474020869476
ACH-002143,0.012585203834562,-0.2317647482267121
ACH-002160,0.1735439042368276,-0.1878135183590148
ACH-002198,0.3115436949940133,0.0324767971282087
ACH-002291,0.2035257423103831,-0.1957470437170812
ACH-002400,-0.0351961672543516,-0.2428131532603951
ACH-002465,0.1170546876324756,-0.213060768453688
ACH-002475,0.365484762310065,-0.0811555173843526
ACH-002508,0.1248219442790043,-0.0280632984592928
ACH-002522,0.241777599822361,-0.3459983103355157
ACH-002524,-0.1136876356659519,-0.1772288199115164
ACH-002544,0.0243509365581176,-0.0977217400108996
ACH-003177,0.0122453916159925,-0.0358497366531441
ACH-000012,0.0018639485204304,-0.0166524530156954
ACH-000039,-0.014174469839141,-0.0554165365853324
ACH-000055,0.1113638882785392,0.1164438326200399
ACH-000070,0.0369996956834721,-0.1867908625911399
ACH-000085,0.1256314717352411,-0.243262481723756
ACH-000106,-0.1263478368766116,-0.2238534564925572
ACH-000124,-0.0921555088705067,0.0075400261319742
ACH-000141,-0.1134862914404656,-0.2202095364919412
ACH-000161,0.089666857055603,-0.0863344158865026
ACH-000187,-0.1129479749123576,-0.0521321541871768
ACH-000202,-0.1072327853690901,-0.1747146466880282
ACH-000222,-0.107188057296286,-0.1116813194447234
ACH-000239,-0.0024368344934006,-0.0711512083871351
ACH-000249,0.1475353023590262,0.3389606173354851
ACH-000253,0.019891177951447,-0.0644853510539982
ACH-000280,0.0100660449561411,0.0630194119046997
ACH-000291,-0.0266987010718344,-0.1142606095762913
ACH-000302,-0.1003418844110651,-0.0528837831122918
ACH-000318,0.0363045866674192,-0.1523360235698296
ACH-000323,0.0202180805386181,-0.1624157537117371
ACH-000326,-0.101358255891319,-0.0118205553087464
ACH-000329,0.0404359983777572,-0.0249883137415608
ACH-000330,0.1487356555058556,0.0489573678323287
ACH-000366,-0.0976911971228928,2.920285798549416e-05
ACH-000377,0.0335763135235533,-0.0496268691346436
ACH-000406,-0.0311481456201901,-0.1382004304025869
ACH-000430,-0.0987076562836899,0.2992294405761171
ACH-000433,0.1674150572519266,-0.0571063037783107
ACH-000454,-0.0343199376643095,0.0740073109450889
ACH-000456,0.1426569045595734,-0.142902712813387
ACH-000464,0.0697182437515505,-0.0899477366251556
ACH-000475,0.0178165068032502,0.035769300919782
ACH-000484,-0.1663741023859111,-0.1545090167078815
ACH-000488,0.0263603012415767,-0.1500455485032946
ACH-000554,-0.1401991170471928,-0.123056558202421
ACH-000565,-0.313301395376473,0.0330155863491762
ACH-000570,0.0952475982406799,0.0758611419415887
ACH-000573,-0.0240969500140394,0.0544649240610163
ACH-000602,0.0468305443314382,-0.0761851793859162
ACH-000606,-0.0093689569874973,-0.0420702446356898
ACH-000651,-0.0659210091478626,-0.0204920608051406
ACH-000653,0.042027002585405,-0.1574194185664858
ACH-000672,-0.2606480388953809,-0.0491761965562198
ACH-000677,-0.1574269164425477,-0.0542542101837541
ACH-000693,-0.0070542947287173,-0.0977763469217754
ACH-000699,0.008636911770079,0.0716742302642561
ACH-000766,0.005614277210508,-0.0224424941328156
ACH-000771,-0.0339889497157662,-0.083703476620452
ACH-000866,0.0833485449505476,-0.1061584829663858
ACH-000903,0.0384508046275019,0.0560200365283505
ACH-000920,0.0458332124588678,-0.291049393976405
ACH-000938,-0.0703403715453351,-0.0741706693550659
ACH-000958,-0.0438910471595654,0.0496047101280665
ACH-000968,0.0021539109070078,-0.1349661841564629
ACH-000991,-0.281844904541526,0.0631226858377465
ACH-000995,-0.0202643432389606,-0.0800121986089793
ACH-000996,0.0903974547962007,-0.0618220883219589
ACH-000997,-0.0280379250652168,-0.0840385797803635
ACH-001033,0.0818580379072527,0.1160495213874948
ACH-001163,-0.0972026950648887,-0.0986082190839868
ACH-001164,-0.0180525868795595,0.1003028506915115
ACH-001188,0.0629400100602068,-0.1072999201598485
ACH-001270,-0.0044123995951197,-0.1145588728853366
ACH-001353,-0.0820651786228975,-0.0544076693065828
ACH-001356,-0.1236061263113696,-0.2315770574743014
ACH-001368,0.2469042101557023,-0.094505942288004
ACH-001394,-0.0318119728091902,-0.1674929186044793
ACH-001400,0.1875584980745667,-0.2216964305845762
ACH-001416,0.0609470604911336,-0.1116138118219813
ACH-001515,-0.0779666022041204,-0.0746786773352409
ACH-001528,0.1317617457732856,-0.0180395755983737
ACH-001577,-0.1428124639331865,0.2050012213192238
ACH-001622,-0.0049601085451861,0.0304437484386112
ACH-001653,0.0545975066403672,-0.1097475173437834
ACH-001654,-0.0898353198177702,-0.1440038607555592
ACH-001676,-0.0191760263004906,-0.0789155687258783
ACH-001709,0.0641527498310281,-0.1794620309389921
ACH-001736,-0.0546796292447046,-0.0654840794443572
ACH-001745,-0.137189690548116,-0.0664550526904328
ACH-001858,0.0164810700740782,-0.1336725748018974
ACH-001863,0.003103043960576,-0.0339741365757587
ACH-001864,-0.0197427175528045,-0.2216387696998971
ACH-001959,-0.0830494470153057,-0.1439692486205857
ACH-001992,0.0445913364524956,-0.0686762195707631
ACH-002021,-0.066496054787881,0.0252391841410548
ACH-002025,-0.067050665508923,-0.1510894789783909
ACH-002033,0.0918050628465478,-0.0430061214391551
ACH-002048,0.0913596668674727,-0.1273093334002814
ACH-002080,0.034121753879439,-0.09464382503144
ACH-002105,0.3078952719830225,-0.0506222192944616
ACH-002119,-0.1239818499937358,0.2434483434456831
ACH-002156,0.1485736582145162,-0.0452500205436008
ACH-002230,0.0711364218635568,-0.2269241439902856
ACH-002234,0.2940076445895178,-0.2381921804691262
ACH-002250,0.043231553040193,-0.1199604641852727
ACH-002251,0.0399747608938348,-0.1599413681328578
ACH-002461,0.0755905151267298,-0.1049118819244244
ACH-002709,-0.136388641325187,-0.1818587341736879
ACH-002925,0.0829591989325249,-0.1700531001091741
ACH-000030,-0.0309756796209969,-0.1219698642994992
ACH-000054,-0.0274876657390872,-0.0785419652322273
ACH-000082,-0.026238056973027,0.0503235776336942
ACH-000118,-0.0716020162854101,-0.152789101415613
ACH-000152,-0.0678758945748236,-0.0343912054881249
ACH-000188,-0.1113299155563598,-0.0776489274636767
ACH-000192,0.1886213518279201,-0.2075202891414366
ACH-000200,0.0864837864976156,-0.1402066135164457
ACH-000203,-0.1768035005431808,-0.091234140336703
ACH-000209,-0.1504792260189854,0.0292341910035156
ACH-000271,-0.0850641669310016,-0.1757782906206092
ACH-000274,-0.0102343785077127,-0.0559444484588131
ACH-000305,0.0745956875598253,-0.0781994985470224
ACH-000313,0.0590095096179964,-0.12060258835738
ACH-000374,-0.0560109595019752,0.0430112099847759
ACH-000396,0.0572015091919461,-0.0102076861860143
ACH-000410,-0.0163179945342709,-0.1439617358333998
ACH-000425,-0.0378823228669524,-0.0161459802372765
ACH-000442,-0.2445033604412835,-0.1006458467375367
ACH-000448,0.0291094997835071,-0.1320065733118678
ACH-000452,0.0517106630730186,-0.1121988204816104
ACH-000459,-0.1166161930852133,-0.0690771849732177
ACH-000463,-0.001407319175542,-0.0955270401982138
ACH-000472,-0.0557845311804622,-0.1785846782479342
ACH-000510,-0.0444317277773728,-0.0814011957810001
ACH-000519,0.1585394044071072,-0.1237271127723939
ACH-000525,0.080611432202912,-0.0973933680021729
ACH-000557,-0.0246110386312655,-0.1320179416549016
ACH-000577,-0.1685692380042335,-0.0025931833836967
ACH-000587,-0.0121130013421157,-0.01683112588643
ACH-000589,0.0619655557944307,-0.1652028517761368
ACH-000627,0.0102169687738728,-0.1008854866462405
ACH-000631,0.261478632684152,-0.1993742370970419
ACH-000637,-0.0303818912855671,-0.0568268104162665
ACH-000647,-0.0217227693011811,0.0023550297016992
ACH-000660,0.1823130482004714,0.0492369072943404
ACH-000667,0.067466389927467,-0.2419012120899347
ACH-000676,0.0828205057073909,0.1035311092947805
ACH-000700,0.1380109318054647,-0.2761698332493884
ACH-000704,-0.0081088306996992,-0.0937554123573668
ACH-000706,0.0781118550693348,-0.0141816910672492
ACH-000718,0.0141984024996873,0.0866352802523169
ACH-000722,-0.0327149727054629,-0.2715851660365359
ACH-000740,-0.0388859127280388,-0.1668350069497768
ACH-000760,0.0328740251942229,-0.1128712659618211
ACH-000776,0.1160971178885584,0.0778347139432636
ACH-000787,0.0653508027471306,-0.1749708337103168
ACH-000829,-0.1888446632890749,-0.0102310354924424
ACH-000834,-0.0047336300023578,-0.1344907302984595
ACH-000837,-0.0299734476615672,-0.1633934361742592
ACH-000859,0.0064830171118108,0.0021661556308551
ACH-000884,-0.0976020545189351,0.0611409102006654
ACH-000896,-0.078574357781809,-0.0609374385212456
ACH-000911,0.056993050379391,-0.1084767391504621
ACH-000916,0.0617347201685692,-0.2077076493355006
ACH-000947,0.028294370141087,-0.1144229468565068
ACH-000993,0.182045585431155,-0.1061699175464884
ACH-001029,0.0659173031407098,-0.0947786199689531
ACH-001190,0.1392137507971723,-0.1288519649606867
ACH-001194,-0.0253264728730051,-0.0497244787834251
ACH-001278,-0.1878962286727878,0.0347317986720926
ACH-001300,0.0610096471788043,0.077195109647176
ACH-001318,0.0302029218043036,-0.1444877015761883
ACH-001375,0.0920910157365196,-0.086929094750629
ACH-001532,0.0441415279932267,-0.0012676248246661
ACH-001568,-0.0684811916194978,-0.021943821099546
ACH-001578,0.2309696850005716,-0.2967216413368841
ACH-001610,0.0809249307605016,-0.1168235136448313
ACH-001611,-0.0434117175332036,0.0472277423029153
ACH-001624,-0.1995186539349366,0.0422546171598233
ACH-001632,0.0152863306773387,-0.0534251407064985
ACH-001656,0.0113028130651976,-0.140397882246282
ACH-001707,0.0807747403213139,-0.1073913106171985
ACH-001735,0.0230184336946146,-0.0692953308675365
ACH-001804,0.1704640908102712,-0.2241932665286397
ACH-001835,0.0244537873609365,-0.2250389272108718
ACH-001841,-0.0248270410903375,-0.0864489025274921
ACH-001844,0.1128537526787985,-0.0874137742346114
ACH-001986,0.1793898426302498,-0.2066103858501038
ACH-001999,0.0723836273766505,-0.2810087684086981
ACH-002001,0.0338993008951789,0.0037512744122537
ACH-002004,0.0254954374644411,-0.029227148565594
ACH-002014,0.2575906512242483,-0.2117241338847289
ACH-002042,0.036938995531552,-0.307170923047866
ACH-002061,0.0449876558950949,-0.00622721706696
ACH-002077,-0.0103187080411154,-0.1748079654060918
ACH-002106,-0.0879763335804645,-0.18731758772998
ACH-002110,0.2643960620015918,-0.1098480713791683
ACH-002150,-0.1727689062003796,-0.1611519790889665
ACH-002183,0.0464714753826772,-0.0780264207207078
ACH-002186,0.0035868269218644,0.156392934332367
ACH-002229,0.1855364285598008,-0.1638962739944706
ACH-002239,-0.0422904377468718,-0.1953640422358645
ACH-002399,0.0191488006815621,-0.2131805792858445
ACH-002538,0.1127339958319538,-0.0541283417693617
ACH-002650,0.097314092048231,-0.2153977699418434
ACH-002690,0.019614714494873,-0.2087326240132185
ACH-002710,0.0439903976588776,-0.1183180755649478
ACH-002711,0.0229753943111637,-0.138703988065105
ACH-000017,-0.0420449659680906,-0.0359994149958622
ACH-000040,-0.1949531760676024,0.0160593225970304
ACH-000041,0.1248640968787209,0.1131280053994775
ACH-000086,0.0452801816434793,-0.1117706648942203
ACH-000090,-0.1368125880279366,-0.0291357510421956
ACH-000151,0.0790941240161614,0.0090488841626787
ACH-000206,0.0415599875878942,-0.0191414656979895
ACH-000207,0.0169178806713541,-0.0514294510178124
ACH-000219,0.0531770936120935,-0.0005515083211276
ACH-000231,-0.0294024213400861,-0.1033006120405924
ACH-000244,-0.1604301920136385,-0.0890884233326781
ACH-000246,-0.0069178876433845,-0.0676212473426775
ACH-000259,-0.0602785485314313,-0.0066689228667048
ACH-000279,0.0110497802856719,-0.1145246113428136
ACH-000295,-0.056016672015477,-0.2176768665618807
ACH-000296,-0.2200692498964019,-0.2028670141618163
ACH-000316,-0.0961822388058199,0.0669336690423575
ACH-000336,-0.1633690133773453,-0.2537856193764216
ACH-000367,0.2203831883549805,-0.1236363397391347
ACH-000368,-0.0688688643237958,-0.2627969223752148
ACH-000397,-0.1363522884786525,0.0268936635183782
ACH-000420,-0.0671324427401098,-0.0753961081706162
ACH-000431,-0.2569850599309775,-0.19824884289974
ACH-000455,0.0322926684819224,0.0091861891427252
ACH-000515,-0.1270716864665277,-0.1712816491933471
ACH-000518,0.0146656100675292,-0.1819781488521434
ACH-000527,0.0387591648490494,-0.0005151074758399
ACH-000552,-0.0795595122898508,-0.1378644061806745
ACH-000559,0.0277308993783976,-0.1530025133332504
ACH-000567,-0.1056261739530398,-0.1722175917574274
ACH-000623,-0.1249590527867547,-0.0710958198633164
ACH-000632,-0.0576969185873722,-0.0250748470198802
ACH-000639,-0.0304136609580216,0.0259951353009809
ACH-000661,-0.2407673077139362,0.0820304904443421
ACH-000702,-0.0708147017002128,-0.1055256648121271
ACH-000709,0.1419467059747052,-0.1914946583787574
ACH-000732,0.0388309776348418,-0.1359475120131943
ACH-000749,0.085796558522999,-0.0526090132508922
ACH-000796,0.0009144656618132,-0.1191445844586951
ACH-000809,0.1120286803870961,-0.11666142830958
ACH-000819,0.0002692004566965,-0.0506944750443218
ACH-000832,-0.017150699162846,-0.1050805817731817
ACH-000867,-0.064869621536635,-0.1972741313940703
ACH-000879,0.4339992771929788,0.0308715614748213
ACH-000889,0.0149113822716099,-0.0864259932411113
ACH-000948,0.1671025977059473,-0.0151153419126812
ACH-000959,-0.0848429605375754,0.0432057226647665
ACH-000972,0.025227195824429,-0.1937707527284085
ACH-000978,-0.1056275278603643,0.0437666515708587
ACH-000979,-0.015353262261497,-0.3060114178066925
ACH-001001,0.027033124345184,-0.0389639196571219
ACH-001099,0.1331739941667663,-0.0629567772761574
ACH-001129,-0.0148443373909534,-0.3290372955415593
ACH-001192,-0.2166414932887379,-0.150259475868341
ACH-001205,0.0879686241729391,-0.110477744597276
ACH-001229,0.032503243717466,-0.093149637812206
ACH-001233,-0.0082726781039378,-0.3375539876494588
ACH-001302,0.0336916555562213,-0.154045753861824
ACH-001328,-0.0023976122752723,-0.0665346886526706
ACH-001331,-0.1501389996768963,-0.1253848542956341
ACH-001332,0.014656580178127,-0.3305491658277767
ACH-001341,0.0589372930184603,-0.1397991918181691
ACH-001354,-0.1573949493358523,0.0372287153896818
ACH-001366,0.0476857562172694,-0.1402453043316626
ACH-001377,-0.0588867826116052,0.0519605126279902
ACH-001391,-0.0406549795360589,-0.0237208665786256
ACH-001399,-0.1718022905959361,0.0270497491257905
ACH-001408,-0.0349648577595649,-0.006334078767088
ACH-001411,0.1400652041487272,0.0236482627064891
ACH-001430,-0.266585917195681,-0.2302706800963411
ACH-001436,0.1079156997968765,-0.1666452506305366
ACH-001549,-0.0028486118839876,-0.1812616380582996
ACH-001634,0.0590558262466547,0.1191841372577332
ACH-001641,0.0046773444588346,-0.1511434196480902
ACH-001664,-0.0157223176184024,-0.002618234536851
ACH-001750,-0.0311880016686499,-0.1470333305699943
ACH-001791,0.0622027770150138,0.0285304291114269
ACH-001839,0.0503739008960099,-0.0513254978033879
ACH-001852,-0.0081725582133771,-0.0841115255390035
ACH-001861,0.1117101758382915,-0.2582050963635905
ACH-001990,0.1030243689655746,-0.1569485301643554
ACH-002020,0.0138267540120471,-0.1034695272630288
ACH-002067,-0.0299845760518641,-0.3898807887293786
ACH-002070,0.058070290478527,-0.098338540378059
ACH-002083,0.0097452251925759,0.0600269538179398
ACH-002114,-0.037005169057823,0.0257017431729674
ACH-002179,0.059578567946137,0.0538132824173944
ACH-002212,0.1714971942453462,-0.224808039971446
ACH-002243,0.1597800709113903,-0.174240215009637
ACH-002261,0.0044683371479596,-0.2002305102981221
ACH-002304,-0.0703845986279106,0.0279941980228602
ACH-002401,0.0810181695630432,-0.1191364835402429
ACH-002458,0.1046253867408315,-0.0648978833288193
ACH-002467,0.259479511723141,-0.1581090787562551
ACH-002499,0.1027114472350684,-0.1521402541511785
ACH-002531,-0.0495229416158634,-0.116532754635843
ACH-002533,-0.0343670142195154,-0.1623997202576788
ACH-002681,0.0762355789354464,-0.1287376046564471
ACH-002847,-0.0246016615964546,-0.1014384491925995
ACH-000023,-0.0725133336755764,-0.0146125353133559
ACH-000028,0.0716785501189431,-0.2505973438446417
ACH-000047,-0.0832875608612664,0.1152049700599603
ACH-000060,-0.1416903787935144,-0.0374968578750339
ACH-000092,-0.0139271572921481,-0.1284311549520935
ACH-000137,0.0040928563623585,-0.12299426477209
ACH-000145,0.0990401528800688,-0.252434939179259
ACH-000146,-0.0346116698391437,0.0275735452237047
ACH-000147,-0.0046085182817387,-0.1853578259100549
ACH-000204,-0.001188933499653,-0.2413429219972824
ACH-000237,0.0733395654680092,0.0185324469751456
ACH-000238,-0.0827898708287546,0.0504071944087662
ACH-000276,-0.1300932530430898,-0.0219204532809418
ACH-000334,0.0054589567343859,-0.1074925461031929
ACH-000337,-0.1607738829295691,-0.0282958745951158
ACH-000343,0.131831064116338,-0.1021117713779451
ACH-000352,-0.0012086267534687,-0.0740208587541296
ACH-000385,0.021275523510504,-0.1929493832446098
ACH-000415,-0.0479329100073568,-0.1670701820612704
ACH-000436,0.0786990193262185,0.0219938760169259
ACH-000438,-0.050348679445391,-0.1203566380837766
ACH-000461,-0.0894950118771554,-0.0239946956845679
ACH-000469,-0.0121076109655276,-0.1196381346879362
ACH-000477,-0.0768520827378472,-0.2241781623116638
ACH-000487,-0.109685338190295,0.0509669887844062
ACH-000498,-0.1494450997444505,-0.3489384245384547
ACH-000499,-0.1659020322397024,0.0738200587191259
ACH-000521,-0.1094455316472324,-0.104393362328784
ACH-000585,0.0172459286053159,-0.1094628325562041
ACH-000601,-0.0617836230677291,-0.021909338741678
ACH-000630,-0.019048189359252,-0.1052187016251432
ACH-000649,-0.0782694781061491,-0.0688871299739768
ACH-000655,-0.0507788158884851,-0.1824487062327485
ACH-000682,0.0082338230963192,-0.2627017401927104
ACH-000701,-0.0395155519019092,0.089039188296226
ACH-000736,0.0369843307284179,0.0847815407866969
ACH-000741,-0.1123262015978748,-0.1554985643036252
ACH-000781,-0.0696483573290517,-0.1481598304351878
ACH-000792,0.1092052201697295,0.0073157297177748
ACH-000794,0.0370305268275307,0.0367245233719984
ACH-000801,-0.0549681916397493,-0.182992621057723
ACH-000810,0.1711611307974532,0.1180978537608153
ACH-000822,0.0625854836664991,-0.059213625367905
ACH-000835,-0.034975840658891,-0.0862775411056788
ACH-000855,-0.0025709332966362,-0.5943600825810466
ACH-000874,-0.2593350572207183,-0.0128119773309679
ACH-000878,0.038049082828832,-0.1431156397959782
ACH-000900,0.0260706132900483,-0.0482871599237104
ACH-000905,-0.0571375548129231,-0.1349324464196633
ACH-000977,0.0919483118464427,-0.112046008032341
ACH-001065,-0.0136513609338246,0.1146502516221996
ACH-001193,0.0522023615074454,-0.1269287942545665
ACH-001232,-0.0296962965369482,-0.0702351406844914
ACH-001303,-0.0976656940034744,-0.2263786949350598
ACH-001307,0.091957732060247,-0.2246728358016307
ACH-001322,0.0713886674235897,-0.1762737854737877
ACH-001347,0.0340171216470147,-0.1823732500745493
ACH-001382,-0.0261863158734866,0.0434972522655412
ACH-001385,0.1287788917772613,-0.2151395725028156
ACH-001414,0.0245343258859176,-0.0963239195932314
ACH-001431,0.0692349018574794,0.1134586653831484
ACH-001459,-0.0806549404378264,-0.1753074939926041
ACH-001461,-0.0530609182912535,-0.1373694511922178
ACH-001481,-0.064207204937358,-0.0675025140406896
ACH-001508,0.0316938196378895,-0.036003691296869
ACH-001520,-0.0160007052435825,-0.10435669667122
ACH-001567,-0.0361500843405731,-0.0650234797166988
ACH-001630,0.0542935030420675,-0.0051242824055775
ACH-001647,-0.0815365304844195,-0.0051705533386438
ACH-001683,0.2396674907090436,-0.2123378479698303
ACH-001793,0.0192461115360777,-0.0344222315002964
ACH-001814,-0.2192165374755219,-0.1398357911948793
ACH-001856,0.0310388730879467,-0.0650532659171947
ACH-001961,0.0182507192349747,-0.1271166195393264
ACH-001975,0.1905308563877179,-0.2239065044961664
ACH-001982,0.0302588265566726,-0.1932152607319298
ACH-002026,0.0014348824752581,-0.0278653069415704
ACH-002039,0.0548248790832946,-0.2780144745972734
ACH-002109,-0.0322626417486965,-0.0377204762201472
ACH-002278,-0.0011890124611289,-0.0064084323004768
ACH-002280,-5.766814817698314e-05,0.1294136088844701
ACH-002283,0.0650791848994507,-0.0310798492841645
ACH-002294,0.042703974287718,-0.1495102135393328
ACH-002296,-0.1231631181233478,-0.1970335489638397
ACH-002297,0.1060264298193201,-0.135879651822876
ACH-002460,-0.1084537863793943,0.0792427441762671
ACH-002462,0.0149497732214594,-0.0769405284914041
ACH-002478,-0.0473780815985518,0.1462108555372465
ACH-002486,-0.0652781956584421,-0.1401836871334572
ACH-002510,0.0091791135459158,-0.0068479857544771
ACH-002523,0.0258557260121123,-0.1413879145484691
ACH-002535,0.1229976147997556,-0.1154985766536932
ACH-002662,0.0024322260003824,0.007270467762393
ACH-002669,-0.0212839242320569,-0.2024043269321969
ACH-002677,-0.1632334587911474,-0.3055862392712241
ACH-002678,0.0627790151606718,-0.2894641603107203
ACH-002693,-0.1149891493322686,-0.1822394472171439
ACH-002834,0.0339825199629308,-0.1947037084767743
ACH-002928,-0.1944123223217406,0.225097411245063
ACH-000077,-0.0209795219255204,-0.3183757012831429
ACH-000101,0.0681023141198618,-0.0299788325045612
ACH-000111,-0.0470196023833246,-0.0774449823265961
ACH-000144,-0.1320829088687709,-0.5349521067689512
ACH-000148,0.0098920024410442,-0.0366249499055487
ACH-000160,0.0082838046119945,0.0060400778527862
ACH-000191,0.1033670887054953,-0.15896160167382
ACH-000248,-0.1091649082530831,-0.2423123728394827
ACH-000252,0.0959113553647507,-0.0729533008520581
ACH-000257,0.0627160329342718,-0.0129227582073283
ACH-000266,-0.0926378216833325,-0.1753458829699299
ACH-000290,0.0451336435063686,-0.106364598041653
ACH-000292,-0.1359516504086855,-0.070545308863787
ACH-000319,-0.0065672027260369,-0.0506268894393537
ACH-000348,-0.0362734724520431,0.0076864570050762
ACH-000359,-0.0315296538952104,-0.1466193974948858
ACH-000363,-0.0255491760606489,-0.1168175055317712
ACH-000414,0.0916279333582552,-0.1446885261444327
ACH-000424,0.0688117672137199,-0.0958270772713325
ACH-000426,-0.0977584352512176,-0.0942682464106194
ACH-000445,-0.1654445008717094,-0.0589194582837853
ACH-000446,0.2057602444107919,0.2601934318016135
ACH-000468,0.1335559344942919,-0.0788242098613169
ACH-000479,0.1375609128873184,0.1378432460927132
ACH-000485,0.1423546680079297,0.0376768602802637
ACH-000502,0.0594379792523033,-0.0193080792317605
ACH-000505,-0.0471799157555974,-0.2545940897043978
ACH-000507,0.0664439456929646,-0.1094126034129855
ACH-000511,0.0230902164376648,-0.1837944502052306
ACH-000522,-0.0652479309327506,-0.1846290178392179
ACH-000524,0.113524915062484,-0.0300358873690927
ACH-000528,-0.0252909666105418,-0.0565123443231236
ACH-000537,0.0320967590179714,-0.1203801628671941
ACH-000569,-0.0231629664250493,0.1455458184036018
ACH-000581,0.0947129115820492,-0.0996878127881979
ACH-000593,-0.0436897816954226,-0.118460510771133
ACH-000604,0.0003212246843751,-0.1659957423781297
ACH-000605,-0.0635386895867233,-0.0043817468143197
ACH-000608,-0.0371650086408318,-0.1233682102664118
ACH-000609,0.0898424254595784,-0.290378769415936
ACH-000634,0.1926752047652153,0.0879612042431517
ACH-000662,-0.1617575580316721,-0.2507983974794238
ACH-000666,0.3641348839765136,0.0466031035311556
ACH-000681,-0.0141878142760748,-0.1480606478073346
ACH-000685,-0.1770570840088088,-0.2172452016576219
ACH-000697,0.0711651099210779,0.0340526017264456
ACH-000714,0.0572042554190396,-0.0604447451072753
ACH-000768,0.0152045296051709,-0.1676000329700462
ACH-000788,-0.0095073088776577,-0.0494140022899935
ACH-000790,-0.049238159176386,-0.2468529224022708
ACH-000800,-0.0713839953759187,-0.1093898729865727
ACH-000826,0.0768502508003215,-0.1238536207825874
ACH-000845,0.0514678905885214,-0.2976363035751204
ACH-000846,0.0330373829798755,-0.182643323493675
ACH-000863,0.2087525790001073,-0.1844464137980985
ACH-000871,-0.019280316030836,-0.1272745983900376
ACH-000873,0.1991481234398623,-0.1642381689968362
ACH-000939,0.156656306639827,-0.1358114687476555
ACH-000961,-0.079318591461881,-0.434860588132228
ACH-000971,0.0612273595111426,0.0038144483896553
ACH-000985,-0.0217027888173512,-0.3087087912332998
ACH-001028,-0.0029249801497506,-0.1101122756237725
ACH-001075,-0.0334954455532883,-0.2084667751648244
ACH-001096,-0.0873396544565067,-0.0948555203269994
ACH-001126,0.156667618506015,-0.2784698239569374
ACH-001227,0.1900615167821426,-0.1954676385803648
ACH-001283,0.1001457522893775,-0.1312026460536246
ACH-001289,0.1286114715355337,-0.0184083802183949
ACH-001306,-0.080728246806659,0.0609597839819977
ACH-001336,-0.0437329391617192,-0.1177636328164013
ACH-001346,-0.0692157540304283,-0.0442584350025276
ACH-001380,-0.0284126157476941,-0.0195065316483798
ACH-001402,-0.0408775554260542,-0.112573786069494
ACH-001433,-0.0352780895731613,0.0079795097416096
ACH-001451,-0.0176283945746132,-0.1010783374492015
ACH-001453,-0.0541009615506393,-0.1795871348074619
ACH-001524,0.0514306897612106,-0.1203832503767267
ACH-001628,0.0384309016418136,-0.2751642055738107
ACH-001673,0.0466751371028814,-0.1061443022782604
ACH-001690,0.0405311553811994,-0.1441297165193167
ACH-001698,0.1145973260270655,0.0263861773842673
ACH-001834,-0.0224398065909404,-0.061234548437955
ACH-001960,0.0180384703627741,-0.1137802119023453
ACH-001973,0.1363607985013568,-0.1186855727384062
ACH-002005,0.1994823744612409,0.0132454483190041
ACH-002015,-0.0795484762337237,-0.1913580691029798
ACH-002016,0.2327240068789331,-0.0779844802079014
ACH-002027,0.1718678098576429,-0.0311643103606748
ACH-002084,-0.0066098389654059,-0.0652881025132484
ACH-002140,-0.0560829216136622,-0.1150111349797319
ACH-002181,0.0713847360773498,0.0102389539548154
ACH-002189,-0.0424635334353388,-0.1149429350238186
ACH-002214,0.1917533628507022,-0.1029439184172133
ACH-002228,-0.0836343225384358,0.0876039187708692
ACH-002446,0.058426820450828,-0.1163143044755887
ACH-002688,0.0377040193738392,-0.2293701372035447
ACH-002926,0.034239134710336,-0.0908195526226189
ACH-003180,0.0988115349665621,-0.1694786058435881
ACH-003184,-0.0161209491180407,0.0548479488456311
ACH-000004,-0.1137333170521544,0.0355775557392772
ACH-000022,0.1287478112888132,-0.0300615299742221
ACH-000052,0.1265269157157047,0.0460782414703509
ACH-000113,0.0870733359163199,-0.0153476273770651
ACH-000149,0.0642706226673896,0.0090528050381135
ACH-000169,0.011289374580879,-0.0353239841276197
ACH-000217,0.0470044056474033,-0.1217424420649753
ACH-000243,-0.0379936035498935,-0.0683624028466025
ACH-000263,0.4520351641491444,-0.2450900183800317
ACH-000278,-0.0244471806482044,0.0502991146147259
ACH-000303,0.0990141528945334,0.0444979268129669
ACH-000308,0.0598408649538526,-0.1611559439528269
ACH-000322,0.0501661986200342,0.124400652152737
ACH-000332,0.0318220548489876,-0.0805169798573075
ACH-000338,0.0646158888249231,-0.0849777909600024
ACH-000370,-0.0281238273101658,-0.2172619057995047
ACH-000390,0.0733888290546444,-0.1293458268157972
ACH-000393,-0.0244364823439734,-0.2872848312506821
ACH-000407,-0.0806091809573163,-0.0477841897239237
ACH-000417,0.2166150560222243,-0.3047229640168098
ACH-000473,0.0361339734645231,0.0483448286171549
ACH-000491,0.1032827194336837,-0.0718754311593853
ACH-000495,-0.0583699478096491,0.0087258739238628
ACH-000532,-0.0322386047513683,-0.0939550179987811
ACH-000561,-0.2143739895364769,-0.1330368976828639
ACH-000619,-0.0260940994432813,-0.1629544635817564
ACH-000622,0.0408226058983395,-0.123512190433365
ACH-000633,-0.0206043180458003,-0.1345187241687088
ACH-000657,-0.0025178701100497,-0.0623105841878687
ACH-000668,-0.0585071138435266,0.3238350827004838
ACH-000683,-0.0896859436780726,-0.0413804245923601
ACH-000688,-0.147423566209638,-0.137042407734306
ACH-000694,0.0772231158901528,-0.1468236484776899
ACH-000711,-0.0086026368610553,-0.0900099055678604
ACH-000716,0.0100988701453688,-0.2238358131916334
ACH-000720,0.0850089824396776,0.013654847501734
ACH-000721,0.0727925369556369,-0.1295592866588888
ACH-000735,0.0520573302362727,-0.0266028509556021
ACH-000739,0.0535429647889242,0.0182765036241413
ACH-000770,0.0189871643489239,0.1110842364696989
ACH-000775,0.0396947399930579,0.0332479630001541
ACH-000783,0.0614114638795429,0.0642849046425485
ACH-000791,0.0204675837176599,-0.1612966148596841
ACH-000805,0.0013396236496001,-0.0508942567659306
ACH-000824,-0.0056610185034441,-0.1952507707199462
ACH-000827,0.0686243001508122,-0.0357252833748569
ACH-000838,0.010868357965695,-0.0430352262052076
ACH-000848,0.1371160991796381,-0.0077863207364629
ACH-000858,0.0490045689955678,0.0291066193233559
ACH-000861,0.1239402920892289,-0.049907911656611
ACH-000881,0.1211652385173774,-0.1598359728465392
ACH-000899,0.1591170184221452,0.0234972210894218
ACH-000910,0.0713611934186624,-0.0480550546003586
ACH-000915,-0.0153762473237445,-0.0405739925264485
ACH-000935,0.0066636188854054,-0.1368020632913932
ACH-000936,-0.0300069554384162,-0.1881270315106663
ACH-000944,0.0240238698487209,-0.1524097618242045
ACH-000962,0.0090869894525128,-0.182671702726719
ACH-000965,0.0728957542573052,-0.066398090012475
ACH-000988,0.0218593023543301,-0.1656628119654564
ACH-001038,0.055098709078566,-0.1145525694596478
ACH-001050,-0.0148012723725257,-0.052988354711302
ACH-001053,-0.0109448487019277,-0.1140854414784091
ACH-001151,-0.0293662978800685,-0.0280616393394818
ACH-001211,0.1431095476896939,-0.0643952934268706
ACH-001239,-3.06700365741968e-05,0.0648432251133331
ACH-001277,-0.0568102155507999,-0.029425605280208
ACH-001367,-0.1511088511565189,-0.3142713502618595
ACH-001392,-0.0336554112279971,-0.1940625644803179
ACH-001412,0.042215093593645,-0.1689506692250778
ACH-001458,0.0786262613444633,-0.1991868127877753
ACH-001510,0.0266378707025853,-0.1073426837469135
ACH-001530,0.0284729480712274,-0.1905210258681531
ACH-001556,0.0545532458865836,-0.1701052393604291
ACH-001562,0.1008881398305173,-0.1549475674861759
ACH-001609,0.0086795457091718,-0.0249375690245998
ACH-001670,-0.0664221770677403,-0.1536192306570307
ACH-002024,0.1168521771609694,-0.3675853041366843
ACH-002029,0.051692430374584,-0.0839923961726982
ACH-002035,0.2102842759561828,-0.2409407955858446
ACH-002045,-0.0375905040081905,0.0680985177136032
ACH-002046,-0.0334333955369977,-0.1458529204128802
ACH-002059,0.1541390851213565,-0.0772605254200055
ACH-002066,0.1373655432139678,-0.1036736230150341
ACH-002142,-0.0225085045458561,-0.1578329134753289
ACH-002215,-0.0205846411265006,-0.123145113555143
ACH-002249,0.1575806044632272,-0.2473616678771278
ACH-002282,0.0489751606371896,0.0742473619626649
ACH-002295,0.0868168661978697,-0.1903955008377491
ACH-002485,0.0101799257550675,0.0169702229661997
ACH-002526,-0.098566120367467,0.1131415843969818
ACH-002528,-0.0210384408648508,-0.0756382337694505
ACH-002659,-0.0563766796588861,-0.1940842541265878
ACH-002660,0.2204457468389442,-0.1516927016689939
ACH-002664,0.085350409331041,-0.178019590653776
ACH-002672,0.0363671492380825,-0.1019959286373734
ACH-002792,0.0440330504720844,-0.0607510885552715
ACH-002922,-0.0493236740791795,-0.0735765612127841
ACH-000009,0.0337238317074668,-0.0447832461876593
ACH-000021,-0.0603216328977244,-0.1741109678275813
ACH-000025,-0.0593059549813795,-0.0283228405313104
ACH-000037,-0.0509522380119977,-0.2129693328798994
ACH-000075,0.1344920952884324,-0.2701650885540226
ACH-000138,-0.0753191688826999,-0.1230185537909327
ACH-000211,0.1256161679239733,-0.2329685755999859
ACH-000215,0.037144808656957,-0.0102843452843506
ACH-000232,0.1268181705175202,-0.0902335725211233
ACH-000256,0.0374542442338368,-0.2998118248724694
ACH-000265,-0.0445250333205754,0.0272558534243123
ACH-000268,0.0342965888899711,0.1217931860439362
ACH-000269,0.2972658047184172,-0.4152643989443374
ACH-000273,-0.0384584824366154,0.0332696018594461
ACH-000281,0.1155864316833086,-0.2382525481969067
ACH-000307,0.0690738760506319,-0.143039009409036
ACH-000315,-0.03117852438089,-0.0127879707645855
ACH-000317,0.0345558624907072,-0.1390435809379015
ACH-000324,0.0550694899702902,-0.0215718832840233
ACH-000346,0.0199918939057416,-0.1975426566468351
ACH-000355,-0.3856420662469551,-0.0410290507574789
ACH-000362,0.0616214201826649,-0.0270163009781343
ACH-000364,0.0006790252888468,0.0890110585168913
ACH-000401,-0.1518580964611952,0.2783920951262739
ACH-000405,0.1835131800754472,-0.2064398245466909
ACH-000408,0.0986358260757333,-0.3970639997633889
ACH-000481,0.1165553729963215,-0.0977464734534955
ACH-000500,-0.1352312421106275,-0.0011115189700474
ACH-000517,0.0455464380706178,-0.1133369147841969
ACH-000541,-0.0480624379877713,0.1054696303363261
ACH-000550,0.1831398863783423,-0.1085428190808124
ACH-000562,0.0951789210311409,0.149998475260929
ACH-000591,0.0068231731839449,-0.2022983682328009
ACH-000621,-0.0137497651451906,-0.1548616884999373
ACH-000645,0.0945296816612214,-0.0707592967692746
ACH-000673,0.0817377879067706,-0.0753807542741678
ACH-000684,-0.0656093134148733,-0.304992503811251
ACH-000696,-0.0244061285580137,-0.075350626716928
ACH-000698,0.0884980066630628,0.1113216151281375
ACH-000725,0.0268957765135624,-0.3011679052737001
ACH-000734,0.0600921558603463,-0.0898023492223054
ACH-000754,0.0798560407231919,-0.1464544482023194
ACH-000758,0.0032283238051384,-0.0465222711527676
ACH-000769,-0.2130709882395928,-0.3446645882335589
ACH-000802,-0.0610336204425083,-0.1072654940587692
ACH-000804,-0.0008279909856385,-0.0116058439349084
ACH-000833,0.2236324530881585,-0.0145082419572477
ACH-000836,0.0738732909866057,-0.1227616923157328
ACH-000856,-0.002741859786126,0.1404401431674513
ACH-000869,-0.0705728604733503,-0.2824352243066822
ACH-000887,0.0449828361832108,-0.2351157093907329
ACH-000898,0.0658610981389338,-0.053133482114885
ACH-000901,-0.0212910323656777,-0.1080299099266614
ACH-000946,0.0583469334088446,-0.1012593966085223
ACH-000976,-0.1011167387171948,-0.3371229995331718
ACH-001016,0.116835590290174,-0.1117639527611482
ACH-001039,-0.031315262768194,0.4989680336072198
ACH-001107,-0.004892483067746,-0.0521895818871138
ACH-001196,-0.1305963102984616,0.0401045510185067
ACH-001197,0.1367864899091911,0.0347596366095139
ACH-001301,0.1151392614523323,-0.2840803248766745
ACH-001344,0.0087156844866011,-0.1622666386084863
ACH-001345,-0.0169224985887708,-0.1262613455573375
ACH-001360,0.0224220104525087,-0.2158569417676477
ACH-001388,0.0069238423530882,-0.1719501610766015
ACH-001415,-0.0235709312732277,-0.0977420654772387
ACH-001421,0.1306864182081861,-0.0443314617624644
ACH-001450,-0.154480721765242,-0.1539015991881225
ACH-001494,0.0116879863400453,-0.0827476245875769
ACH-001496,0.0205111481908251,-0.141132720722458
ACH-001500,0.1480622239846,-0.1071687606290908
ACH-001509,-0.0809857837315869,0.0096349661150906
ACH-001517,0.1022144780408896,-0.1850914107857775
ACH-001538,-0.1225807876999883,-0.0212358839060925
ACH-001543,0.06707865120676,-0.182887285718581
ACH-001613,-0.2049172099291568,-0.0614234977733707
ACH-001616,0.1165508818282241,-0.0326832450006753
ACH-001651,-0.0946099643642072,-0.1416111691344191
ACH-001662,-0.1767314661394782,-0.0860739821087048
ACH-001668,0.1529051210491381,-0.366860010946506
ACH-001685,0.0106764232020304,0.0445391087209971
ACH-001719,-0.0397482486911028,-0.1243561005130744
ACH-001765,-0.0470615880029957,-0.0844093978120154
ACH-001786,0.1167211048976084,-0.1167537732190734
ACH-001820,0.1221941375343171,0.0711063340897751
ACH-001848,-0.0207009451996699,-0.0010445156906687
ACH-001977,0.1122118135274072,-0.2653383607667238
ACH-002018,0.0062043714540543,-0.0591050620538636
ACH-002069,0.1256282392439384,-0.2619975743320169
ACH-002202,0.2608242767544838,-0.3693830001279219
ACH-002269,0.0882664366358955,-0.0834272842239318
ACH-002285,0.0087589165944143,0.0869000133899443
ACH-002490,0.133286709024554,-0.3860258566850905
ACH-002687,0.1199310866557822,-0.1241838591674326
ACH-002708,0.0482924697256205,-0.159600214206596
ACH-002782,0.0656034827169246,-0.0750152757767331
ACH-002785,0.0259327537137243,-0.1067515951333678
ACH-003012,0.097809193213241,-0.1969762709138227
